POLY_,POLY_ID,AREA,PERIMETER,OPPR,X,Y,KOORDH,POSTNAVN,OPPDATDATO,MALEMETODE,NOYAKTIGHE,SYNBARHET,H_MALEMETO,H_NOYAKTIG,MAX_AVVIK,OBJTYPE,POSTNR,KOMM,ID,Lat,Long
876,4274,2044050.73428,6444.34496,4,-23246.47000,6514277.38000,0.00000,EGERSUND,,55,1500,0,0,0,0,Postomr�de,4370,1101,1,59.28772,5.11688
877,4278,55059987.09622,36179.50319,4,-27711.28000,6519680.04000,0.12000,HELLVIK,,55,1500,0,0,0,0,Postomr�de,4375,1101,1,59.28772,5.11688
878,4285,103989655.92990,42441.30154,4,-23415.88000,6595856.36000,0.00000,FINN�Y,,55,1500,0,0,0,0,Postomr�de,4160,1141,1,59.28772,5.11688
879,4290,29230706.14928,23821.98696,4,-18664.33000,6591491.56000,0.00000,FOGN,,55,1500,0,0,0,0,Postomr�de,4164,1141,1,59.28772,5.11688
880,4293,5780686.03039,11029.48527,4,-17476.45000,6594115.96000,0.00000,S�RBOKN,,55,1500,0,0,0,0,Postomr�de,4169,1141,1,59.28772,5.11688
881,4298,21168704.73345,20644.29395,4,-16979.19000,6597071.87000,0.00000,SKARTVEIT,,55,1500,0,0,0,0,Postomr�de,4182,1141,1,59.28772,5.11688
882,4302,10185645.38995,13927.52308,4,-19769.34000,6600331.65000,0.00000,NORD-HIDLE,,55,1500,0,0,0,0,Postomr�de,4173,1141,1,59.28772,5.11688
883,4306,113506677.09814,51789.86183,4,-21288.73000,6606795.96000,0.00000,SJERNAR�Y,,55,1500,0,0,0,0,Postomr�de,4170,1141,1,59.28772,5.11688
884,4318,386516896.70449,94758.77081,4,2273.67000,6567522.98000,0.00000,FORSAND,,55,1500,0,0,0,0,Postomr�de,4110,1129,1,59.28772,5.11688
885,4323,28431529.07042,25063.17145,4,-13335.00000,6555701.99000,1.93000,OLTEDAL,,55,1500,0,0,0,0,Postomr�de,4333,1122,1,59.28772,5.11688
886,4328,10004065.49480,12885.68028,4,-15901.81000,6591740.19000,0.00000,BYRE,,82,0,0,0,0,0,Postomr�de,4168,1141,1,59.28772,5.11688
887,4335,334158869.44210,83177.59520,4,24382.77000,6579354.09000,0.00000,LYSEBOTN,,55,1500,0,0,0,0,Postomr�de,4127,1129,1,59.28772,5.11688
888,4339,129553144.17849,59696.18234,4,4055.18000,6577435.53000,0.00000,SONGESAND,,55,1500,0,0,0,0,Postomr�de,4129,1129,1,59.28772,5.11688
889,4344,39612335.08279,27154.25771,4,-9662.78000,6592155.67000,0.00000,FISTER,,55,1500,0,0,0,0,Postomr�de,4139,1133,1,59.28772,5.11688
890,4350,333776798.62693,98762.77292,4,5400.11000,6597667.51000,0.00000,HJELMELAND,,55,1500,0,0,0,0,Postomr�de,4130,1133,1,59.28772,5.11688
891,4352,5114757.97107,9472.94338,4,-13828.22000,6589967.76000,0.00000,HELG�Y I RYFYLKE,,82,0,0,0,0,0,Postomr�de,4167,1133,1,59.28772,5.11688
892,4380,457171158.35507,129983.76868,4,-10618.62000,6538093.86000,0.00000,VIKES�,,55,1500,0,0,0,0,Postomr�de,4389,1114,1,59.28772,5.11688
893,4391,392133756.56680,108820.65851,4,1191.16000,6552704.01000,0.00000,DIRDAL,,55,1500,0,0,0,0,Postomr�de,4335,1122,1,59.28772,5.11688
894,4396,96931450.75320,51179.63413,4,-39723.70000,6534859.52000,0.00000,VARHAUG,,55,1500,0,0,0,0,Postomr�de,4360,1119,1,59.28772,5.11688
895,4399,84260981.45819,51667.03500,4,-37849.19000,6530312.10000,0.00000,VIGRESTAD,,55,1500,0,0,0,0,Postomr�de,4362,1119,1,59.28772,5.11688
896,4404,196875450.86893,80472.95236,4,-20779.68000,6528785.48000,0.00000,BJERKREIM,,55,1500,0,0,0,0,Postomr�de,4387,1114,1,59.28772,5.11688
897,4407,105260093.12843,50517.36848,4,-33683.62000,6522293.39000,11.18000,SIREV�G,,55,1500,0,0,0,0,Postomr�de,4364,1119,1,59.28772,5.11688
898,4410,107625419.39125,63534.51818,4,-34933.29000,6527951.62000,0.00000,BRUSAND,,55,1500,0,0,0,0,Postomr�de,4363,1119,1,59.28772,5.11688
899,4414,110866623.34293,46504.08903,4,-62897.56000,6602145.09000,0.00000,SANDVE,,55,1500,0,0,0,0,Postomr�de,4272,1149,1,59.28772,5.11688
900,4420,72183973.80154,51765.45212,4,-61821.18000,6605966.24000,0.00000,STOL,,55,1500,0,0,0,0,Postomr�de,4274,1149,1,59.28772,5.11688
902,4428,57277323.24188,48306.32516,4,-59991.33000,6609249.20000,0.00000,�KREHAMN,,55,1500,0,0,0,0,Postomr�de,4270,1149,1,59.28772,5.11688
903,4436,200898492.59451,67250.33892,4,-60639.16000,6623026.88000,0.00000,FE�Y,,55,1500,0,0,0,0,Postomr�de,5548,1149,1,59.28772,5.11688
904,4441,23121885.44943,21855.15631,4,-57075.65000,6617283.97000,0.00000,KVALAV�G,,55,1500,0,0,0,0,Postomr�de,4264,1149,1,59.28772,5.11688
905,4446,16797391.51031,17573.53490,4,-52941.03000,6615761.31000,0.00000,H�VIK,,55,1500,0,0,0,0,Postomr�de,4265,1149,1,59.28772,5.11688
906,4450,27466995.10471,22748.97887,4,-51227.94000,6619006.27000,0.00000,AVALDSNES,,55,1500,0,0,0,0,Postomr�de,4262,1149,1,59.28772,5.11688
907,4453,5160596.49670,11159.04253,4,-49281.34000,6618936.63000,0.00000,VORMEDAL,,55,1500,0,0,0,0,Postomr�de,5545,1149,1,59.28772,5.11688
908,4456,71057901.85120,62347.00999,4,-59291.68000,6615007.84000,0.00000,VEAV�GEN,01.10.2014,55,1500,0,0,0,0,Postomr�de,4276,1149,1,59.28772,5.11688
909,4461,187011304.91699,60093.64621,4,-55739.62000,6594771.88000,0.00000,SKUDENESHAVN,,55,1500,0,0,0,0,Postomr�de,4280,1149,1,59.28772,5.11688
910,4464,49097403.94864,37372.43573,4,-52833.40000,6608764.83000,0.00000,KOPERVIK,,55,1500,0,0,0,0,Postomr�de,4250,1149,1,59.28772,5.11688
911,4471,118084620.62595,57826.23622,4,-42494.14000,6553569.28000,0.00000,KLEPPE,,55,1500,0,0,0,0,Postomr�de,4352,1120,1,59.28772,5.11688
912,4478,71758123.20541,39323.09388,4,-46192.59000,6547581.31000,6.14000,ORRE,,55,1500,0,0,0,0,Postomr�de,4343,1120,1,59.28772,5.11688
913,4484,244598782.97894,63568.12513,4,-49406.76000,6585318.65000,0.00000,KVITS�Y,,55,1500,0,0,0,0,Postomr�de,4180,1144,1,59.28772,5.11688
914,4490,137915555.20310,60934.15213,4,7647.10000,6507982.95000,0.00000,MOI,,55,1500,0,0,0,0,Postomr�de,4460,1112,1,59.28772,5.11688
915,4496,222045521.13609,91705.14608,4,-11787.99000,6521751.99000,0.00000,HELLELAND,,55,1500,0,0,0,0,Postomr�de,4376,1101,1,59.28772,5.11688
916,4499,134005034.55717,50330.73995,4,6877.92000,6520289.93000,0.00000,HOVSHERAD,,55,1500,0,0,0,0,Postomr�de,4462,1112,1,59.28772,5.11688
917,4501,142288300.61937,62404.59469,4,-4198.37000,6517520.86000,273.73000,UALAND,,55,1500,0,0,0,0,Postomr�de,4463,1112,1,59.28772,5.11688
918,4509,1416292.19040,6123.28933,4,-48955.37000,6624591.54000,0.00000,HAUGESUND,,55,1500,0,0,0,0,Postomr�de,5535,1106,1,59.28772,5.11688
919,4514,599393.31866,5128.18128,4,-50002.93000,6626619.06000,0.00000,HAUGESUND,,55,1500,0,0,0,0,Postomr�de,5521,1106,1,59.28772,5.11688
920,4519,308396.52493,2592.97962,4,-50772.80000,6626040.62000,0.00000,HAUGESUND,,55,1500,0,0,0,0,Postomr�de,5528,1106,1,59.28772,5.11688
921,4523,1615212.23291,8142.62876,4,-49316.96000,6625802.99000,0.00000,HAUGESUND,,55,1500,0,0,0,0,Postomr�de,5532,1106,1,59.28772,5.11688
922,4527,281261.39328,2463.67822,4,-51169.83000,6626872.05000,0.00000,HAUGESUND,,55,1500,0,0,0,0,Postomr�de,5525,1106,1,59.28772,5.11688
923,4532,920521.93762,6823.89262,4,-50419.76000,6629106.59000,0.00000,HAUGESUND,,55,1500,0,0,0,0,Postomr�de,5516,1106,1,59.28772,5.11688
924,4537,6132981.94635,11534.35281,4,-52808.37000,6629369.57000,0.00000,HAUGESUND,,55,1500,0,0,0,0,Postomr�de,5515,1106,1,59.28772,5.11688
925,4545,10156430.92099,20241.83422,4,-48181.93000,6629059.86000,0.00000,HAUGESUND,,55,1500,0,0,0,0,Postomr�de,5518,1106,1,59.28772,5.11688
926,4547,983293.40094,5144.74207,4,-49549.00000,6629368.04000,0.00000,HAUGESUND,,55,1500,0,0,0,0,Postomr�de,5517,1106,1,59.28772,5.11688
927,4556,59488832.30829,42506.90359,4,-50890.01000,6632268.00000,29.24000,HAUGESUND,,55,1500,0,0,0,0,Postomr�de,5514,1106,1,59.28772,5.11688
928,4563,29876036.95654,23778.16382,4,-51467.25000,6623958.32000,0.00000,TORVASTAD,,55,1500,0,0,0,0,Postomr�de,4260,1149,1,59.28772,5.11688
929,4572,7691587.90948,12365.59164,4,-49100.95000,6622631.98000,11.10000,KARMSUND,,55,1500,0,0,0,0,Postomr�de,5542,1149,1,59.28772,5.11688
930,4575,610248.09085,3315.35636,4,-48189.96000,6623903.99000,81.00000,HAUGESUND,,55,1500,0,0,0,0,Postomr�de,5536,1106,1,59.28772,5.11688
931,4578,1583540.87521,6034.40332,4,-49961.35000,6623767.03000,26.60000,HAUGESUND,,55,1500,0,0,0,0,Postomr�de,5538,1106,1,59.28772,5.11688
932,4579,959454.58890,5240.32660,4,-48977.58000,6623677.78000,33.50000,HAUGESUND,,55,1500,0,0,0,0,Postomr�de,5537,1106,1,59.28772,5.11688
933,4583,1841771.97015,6258.57252,4,-52075.90000,6627194.57000,0.00000,HAUGESUND,,55,1500,0,0,0,0,Postomr�de,5523,1106,1,59.28772,5.11688
934,4586,172326876.43954,63763.22491,4,-57798.69000,6632272.42000,0.00000,R�V�R,,55,1500,0,0,0,0,Postomr�de,5549,1106,1,59.28772,5.11688
935,4590,699652.74490,7086.43457,4,-50703.95000,6627108.02000,0.00000,HAUGESUND,,55,1500,0,0,0,0,Postomr�de,5522,1106,1,59.28772,5.11688
936,4591,1376053.88647,6244.73568,4,-49781.00000,6627304.32000,0.00000,HAUGESUND,,55,1500,0,0,0,0,Postomr�de,5519,1106,1,59.28772,5.11688
937,4593,665835.79742,4221.76891,4,-49884.95000,6625339.00000,0.00000,HAUGESUND,,55,1500,0,0,0,0,Postomr�de,5531,1106,1,59.28772,5.11688
938,4595,1253710.87296,5409.33172,4,-50675.97000,6625010.96000,0.00000,HAUGESUND,,55,1500,0,0,0,0,Postomr�de,5529,1106,1,59.28772,5.11688
939,4596,1237889.69174,5432.48347,4,-51431.02000,6626162.99000,0.00000,HAUGESUND,,55,1500,0,0,0,0,Postomr�de,5527,1106,1,59.28772,5.11688
940,4600,5198422.31012,10102.03143,4,-47524.28000,6626326.48000,158.00000,HAUGESUND,,55,1500,0,0,0,0,Postomr�de,5533,1106,1,59.28772,5.11688
941,4604,20536622.00525,18601.79448,4,-24189.39000,6589198.67000,0.00000,TALGJE,,55,1500,0,0,0,0,Postomr�de,4163,1141,1,59.28772,5.11688
942,4611,189910029.44012,56573.98275,4,-44763.53000,6603067.84000,0.00000,BOKN,,55,1500,0,0,0,0,Postomr�de,5561,1145,1,59.28772,5.11688
943,4615,17380149.13356,17690.94053,4,-35920.99000,6583090.99000,0.00000,BRU,,55,1500,0,0,0,0,Postomr�de,4158,1142,1,59.28772,5.11688
944,4619,119985205.12054,47965.54424,4,-30788.59000,6588692.59000,0.00000,RENNES�Y,,55,1500,0,0,0,0,Postomr�de,4150,1142,1,59.28772,5.11688
945,4623,55166613.70499,36933.69321,4,-36032.08000,6587333.17000,0.00000,MOSTER�Y,,55,1500,0,0,0,0,Postomr�de,4156,1142,1,59.28772,5.11688
946,4635,1134025.45988,6317.39249,4,-34933.78000,6558415.44000,0.00000,SANDNES,,55,1500,0,0,0,0,Postomr�de,4321,1102,1,59.28772,5.11688
947,4640,2011749.08916,8568.70301,4,-34854.61000,6559908.62000,0.00000,SANDNES,,55,1500,0,0,0,0,Postomr�de,4318,1102,1,59.28772,5.11688
948,4648,1950738.77040,11505.65150,4,-33398.93000,6560111.04000,0.00000,SANDNES,,55,1500,0,0,0,0,Postomr�de,4306,1102,1,59.28772,5.11688
949,4651,1225712.67992,6560.21114,4,-34118.16000,6560011.98000,0.00000,SANDNES,,55,1500,0,0,0,0,Postomr�de,4319,1102,1,59.28772,5.11688
950,4655,1255983.64874,8038.68962,4,-31960.87000,6559560.60000,0.00000,SANDNES,,55,1500,0,0,0,0,Postomr�de,4326,1102,1,59.28772,5.11688
951,4662,930686.69478,5047.71536,4,-33339.96000,6563745.20000,0.00000,SANDNES,,55,1500,0,0,0,0,Postomr�de,4314,1102,1,59.28772,5.11688
952,4668,1930816.58739,6494.39114,4,-32453.48000,6563258.34000,0.00000,SANDNES,,55,1500,0,0,0,0,Postomr�de,4315,1102,1,59.28772,5.11688
953,4670,12058717.25641,18599.48869,4,-26835.56000,6570433.25000,0.00000,HOMMERS�K,,55,1500,0,0,0,0,Postomr�de,4310,1102,1,59.28772,5.11688
954,4674,1831934.27220,6660.45798,4,-33326.93000,6556716.77000,0.00000,SANDNES,,55,1500,0,0,0,0,Postomr�de,4324,1102,1,59.28772,5.11688
955,4678,2762868.11635,8387.30536,4,-32900.97000,6558745.69000,0.00000,SANDNES,,55,1500,0,0,0,0,Postomr�de,4325,1102,1,59.28772,5.11688
956,4682,951944.13083,5774.59983,4,-34214.41000,6561678.62000,0.00000,SANDNES,,55,1500,0,0,0,0,Postomr�de,4316,1102,1,59.28772,5.11688
957,4687,1581986.83247,8402.72286,4,-32970.97000,6561574.93000,0.00000,SANDNES,,55,1500,0,0,0,0,Postomr�de,4307,1102,1,59.28772,5.11688
958,4689,911709.24954,6900.80514,4,-33672.96000,6561738.82000,0.00000,SANDNES,,55,1500,0,0,0,0,Postomr�de,4317,1102,1,59.28772,5.11688
959,4694,4379445.10332,12432.44702,4,-36195.99000,6556421.37000,11.20000,SANDNES,,55,1500,0,0,0,0,Postomr�de,4322,1102,1,59.28772,5.11688
960,4698,1515918.23392,6078.43082,4,-32113.22000,6561341.41000,0.00000,SANDNES,,55,1500,0,0,0,0,Postomr�de,4328,1102,1,59.28772,5.11688
961,4701,927163.86595,7023.38943,4,-32197.92000,6560274.54000,0.00000,SANDNES,,82,0,0,0,0,0,Postomr�de,4327,1102,1,59.28772,5.11688
962,4704,4993852.19986,12154.59605,4,-30275.55000,6561222.45000,0.00000,SANDNES,,55,1500,0,0,0,0,Postomr�de,4309,1102,1,59.28772,5.11688
963,4710,133047778.83932,58213.86458,4,-43785.12000,6539684.63000,0.18000,N�RB�,,55,1500,0,0,0,0,Postomr�de,4365,1119,1,59.28772,5.11688
964,4715,6238170.57727,15492.94272,4,-34608.89000,6556018.40000,17.40000,SANDNES,,55,1500,0,0,0,0,Postomr�de,4323,1102,1,59.28772,5.11688
965,4723,168354281.41785,62098.37682,4,-21455.28000,6561510.84000,1.93000,SANDNES,,55,1500,0,0,0,0,Postomr�de,4308,1102,1,59.28772,5.11688
966,4728,16075236.32703,21069.70252,4,-37895.54000,6553901.94000,17.40000,KLEPP STASJON,,55,1500,0,0,0,0,Postomr�de,4353,1120,1,59.28772,5.11688
967,4732,22387208.06190,22870.98193,4,-33970.48000,6552039.18000,45.40000,KVERNALAND,,55,1500,0,0,0,0,Postomr�de,4355,1121,1,59.28772,5.11688
968,4736,90828207.52528,53478.94001,4,-32468.14000,6539654.39000,0.00000,UNDHEIM,,55,1500,0,0,0,0,Postomr�de,4342,1121,1,59.28772,5.11688
969,4745,424225794.43857,106822.05348,4,-7270.91000,6501651.28000,111.65000,HAUGE I DALANE,,55,1500,0,0,0,0,Postomr�de,4380,1111,1,59.28772,5.11688
970,4751,25265163.27777,25817.46276,4,-37375.86000,6560526.70000,10.18000,SANDNES,,55,1500,0,0,0,0,Postomr�de,4312,1102,1,59.28772,5.11688
971,4756,11072597.68613,17863.12864,4,-40804.00000,6560572.00000,3.76000,TJELTA,,55,1500,0,0,0,0,Postomr�de,4054,1124,1,59.28772,5.11688
972,4761,76734288.78799,47823.12352,4,-44270.44000,6563852.85000,0.00000,R�GE,,55,1500,0,0,0,0,Postomr�de,4053,1124,1,59.28772,5.11688
973,4764,4994472.85315,13383.66042,4,-34470.93000,6563679.56000,23.85000,SANDNES,,55,1500,0,0,0,0,Postomr�de,4313,1102,1,59.28772,5.11688
974,4769,2220161.17670,8909.95092,4,-37523.30000,6565084.69000,0.00000,SOLA,,55,1500,0,0,0,0,Postomr�de,4050,1124,1,59.28772,5.11688
975,4794,2110095.98972,8905.82883,4,-37174.28000,6577865.18000,0.00000,RANDABERG,01.10.2016,55,1500,0,0,0,0,Postomr�de,4070,1127,1,59.28772,5.11688
976,4799,12991211.00615,15071.58410,4,-33646.00000,6580758.00000,0.00000,VESTRE �M�Y,,55,1500,0,0,0,0,Postomr�de,4152,1142,1,59.28772,5.11688
977,4804,14460052.34595,16878.92908,4,-30016.00000,6564576.80000,0.00000,SANDNES,,55,1500,0,0,0,0,Postomr�de,4329,1102,1,59.28772,5.11688
978,4809,6137300.69807,12478.70864,4,-36234.31000,6567706.27000,16.32000,R�YNEBERG,,55,1500,0,0,0,0,Postomr�de,4052,1124,1,59.28772,5.11688
979,4815,106369701.36737,54112.75493,4,-48658.46000,6569189.95000,0.00000,TANANGER,,55,1500,0,0,0,0,Postomr�de,4056,1124,1,59.28772,5.11688
980,4819,2828650.96725,6951.90185,4,-28386.21000,6575563.35000,0.00000,VASS�Y,,0,0,0,0,0,0,Postomr�de,4076,1103,1,59.28772,5.11688
981,4826,1711989.63263,7877.14095,4,-35190.00000,6572428.00000,0.00000,HAFRSFJORD,,0,0,0,0,0,0,Postomr�de,4042,1103,1,59.28772,5.11688
982,4832,2823984.08887,10605.34189,4,-32194.32000,6570074.00000,0.00000,STAVANGER,,0,0,0,0,0,0,Postomr�de,4017,1103,1,59.28772,5.11688
983,4845,521291.72948,4999.86992,4,-32875.49000,6574080.99000,0.00000,STAVANGER,,0,0,0,0,0,0,Postomr�de,4024,1103,1,59.28772,5.11688
984,4848,805166.17111,4333.38512,4,-34399.43000,6576497.54000,0.00000,STAVANGER,,0,0,0,0,0,0,Postomr�de,4028,1103,1,59.28772,5.11688
985,4852,13431330.04205,14005.82395,4,-29692.82000,6582115.60000,0.00000,AUSTRE �M�Y,,0,0,0,0,0,0,Postomr�de,4154,1103,1,59.28772,5.11688
986,4859,2483916.84821,8548.58904,4,-34151.06000,6573641.24000,0.00000,STAVANGER,,0,0,0,0,0,0,Postomr�de,4023,1103,1,59.28772,5.11688
987,4864,326692.15489,3944.53273,4,-32406.27000,6573689.35000,0.00000,STAVANGER,,82,0,0,0,0,0,Postomr�de,4008,1103,1,59.28772,5.11688
988,4868,1372863.17728,5722.11431,4,-34490.42000,6572791.40000,0.00000,STAVANGER,,82,0,0,0,0,0,Postomr�de,4022,1103,1,59.28772,5.11688
989,4872,1272538.71368,6216.52818,4,-32940.18000,6573022.34000,0.00000,STAVANGER,,0,0,0,0,0,0,Postomr�de,4009,1103,1,59.28772,5.11688
990,4877,321266.76822,3897.10275,4,-31987.16000,6573691.65000,0.00000,STAVANGER,,0,0,0,0,0,0,Postomr�de,4005,1103,1,59.28772,5.11688
991,4880,336707.47108,2742.79232,4,-31823.91000,6574083.18000,0.00000,STAVANGER,,0,0,0,0,0,0,Postomr�de,4006,1103,1,59.28772,5.11688
992,4889,1899303.11273,8106.17014,4,-30728.48000,6573389.01000,0.00000,STAVANGER,,0,0,0,0,0,0,Postomr�de,4014,1103,1,59.28772,5.11688
993,4894,543395.80716,5671.37118,4,-31668.99000,6573223.79000,0.00000,STAVANGER,,0,0,0,0,0,0,Postomr�de,4012,1103,1,59.28772,5.11688
994,4898,795104.68219,5189.35011,4,-32158.15000,6572739.80000,0.00000,STAVANGER,,0,0,0,0,0,0,Postomr�de,4010,1103,1,59.28772,5.11688
995,4903,793582.55397,5753.40480,4,-32015.77000,6571820.24000,0.00000,STAVANGER,,0,0,0,0,0,0,Postomr�de,4011,1103,1,59.28772,5.11688
996,4910,3274085.00993,10191.53078,4,-34238.62000,6571628.01000,26.15000,STAVANGER,,0,0,0,0,0,0,Postomr�de,4021,1103,1,59.28772,5.11688
997,4913,1688853.59756,7157.79724,4,-33397.60000,6571022.76000,0.00000,STAVANGER,,0,0,0,0,0,0,Postomr�de,4019,1103,1,59.28772,5.11688
998,4915,2364565.91808,9379.67806,4,-31370.15000,6570750.01000,0.00000,STAVANGER,,0,0,0,0,0,0,Postomr�de,4016,1103,1,59.28772,5.11688
999,4918,4437848.68085,12857.25233,4,-33206.90000,6569556.36000,0.00000,STAVANGER,,0,0,0,0,0,0,Postomr�de,4018,1103,1,59.28772,5.11688
1000,4921,3911285.57529,11046.62819,4,-32833.89000,6566810.75000,0.00000,STAVANGER,,0,0,0,0,0,0,Postomr�de,4032,1103,1,59.28772,5.11688
1001,4924,3801576.30499,11838.13440,4,-35920.99000,6571848.00000,0.00000,HAFRSFJORD,,0,0,0,0,0,0,Postomr�de,4045,1103,1,59.28772,5.11688
1002,4931,2634672.87949,8800.10014,4,-38900.01000,6574670.49000,0.38000,HAFRSFJORD,,0,0,0,0,0,0,Postomr�de,4049,1103,1,59.28772,5.11688
1003,4936,2852474.87178,10317.90988,4,-37180.00000,6574154.00000,6.26000,HAFRSFJORD,,0,0,0,0,0,0,Postomr�de,4047,1103,1,59.28772,5.11688
1004,4938,2374500.23303,10115.93214,4,-39105.31000,6574116.93000,0.00000,HAFRSFJORD,,0,0,0,0,0,0,Postomr�de,4048,1103,1,59.28772,5.11688
1005,4942,604039.93617,4531.54420,4,-33236.59000,6575269.21000,0.00000,STAVANGER,,0,0,0,0,0,0,Postomr�de,4026,1103,1,59.28772,5.11688
1006,4946,879811.00328,5213.69301,4,-33557.98000,6574636.27000,0.00000,STAVANGER,,0,0,0,0,0,0,Postomr�de,4025,1103,1,59.28772,5.11688
1007,4951,3262090.66226,11583.51641,4,-34378.11000,6577051.90000,0.00000,STAVANGER,,0,0,0,0,0,0,Postomr�de,4029,1103,1,59.28772,5.11688
1008,4955,1148205.58777,6950.61329,4,-32642.86000,6574404.65000,0.00000,STAVANGER,,0,0,0,0,0,0,Postomr�de,4007,1103,1,59.28772,5.11688
1009,4957,3768742.96260,9093.49496,4,-30115.59000,6576027.32000,0.00000,HUNDV�G,,0,0,0,0,0,0,Postomr�de,4085,1103,1,59.28772,5.11688
1010,4961,8231843.98268,19055.80527,4,-32884.46000,6567979.03000,16.32000,STAVANGER,,82,0,0,0,0,0,Postomr�de,4020,1103,1,59.28772,5.11688
1011,4968,494367366.61922,127886.97871,4,7924.62000,6589883.61000,0.00000,�RDAL I RYFYLKE,,55,1500,0,0,0,0,Postomr�de,4137,1133,1,59.28772,5.11688
1012,4971,11048322.77518,14169.05742,4,-25524.22000,6585413.08000,0.00000,BRIMSE,,82,0,0,0,0,0,Postomr�de,4153,1142,1,59.28772,5.11688
1013,4976,26966160.91675,35924.85507,4,-26250.52000,6575441.05000,0.00000,STAVANGER,,0,0,0,0,0,0,Postomr�de,4013,1103,1,59.28772,5.11688
1014,4980,153880761.63861,56092.05077,4,-15772.30000,6582103.01000,0.00000,TAU,,55,1500,0,0,0,0,Postomr�de,4120,1130,1,59.28772,5.11688
1015,4982,16841575.30734,16295.87503,4,-25144.60000,6581353.22000,0.00000,S�R-HIDLE,,82,0,0,0,0,0,Postomr�de,4123,1130,1,59.28772,5.11688
1016,4984,2784295.63959,13603.29887,4,-37278.44000,6572987.53000,0.00000,HAFRSFJORD,,0,0,0,0,0,0,Postomr�de,4043,1103,1,59.28772,5.11688
1017,4985,1510972.71448,5120.25553,4,-38316.14000,6573112.58000,0.00000,HAFRSFJORD,,0,0,0,0,0,0,Postomr�de,4046,1103,1,59.28772,5.11688
1018,4988,57273806.81657,46897.48215,4,-25398.92000,6565821.90000,0.00000,HOMMERS�K,,55,1500,0,0,0,0,Postomr�de,4311,1102,1,59.28772,5.11688
1019,4989,6135417.71132,12966.67512,4,-30279.62000,6572208.71000,0.00000,STAVANGER,,0,0,0,0,0,0,Postomr�de,4015,1103,1,59.28772,5.11688
1020,4990,1910433.90167,7184.68302,4,-34841.93000,6566046.87000,0.00000,STAVANGER,,0,0,0,0,0,0,Postomr�de,4033,1103,1,59.28772,5.11688
1021,4996,110118104.53172,42872.11620,4,-12428.32000,6604849.73000,0.00000,OMBO,,55,1500,0,0,0,0,Postomr�de,4187,1141,1,59.28772,5.11688
1022,5003,55050157.34383,35536.50007,4,-195.88000,6605577.63000,0.00000,SKIFTUN,,55,1500,0,0,0,0,Postomr�de,4146,1133,1,59.28772,5.11688
1025,5021,21957159.74500,19119.44433,4,-13911.98000,6610832.69000,0.00000,FOLD�Y,,82,0,0,0,0,0,Postomr�de,4198,1134,1,59.28772,5.11688
1026,5028,125463901.01445,49093.67451,4,4582.88000,6612711.89000,0.00000,ERFJORD,,82,0,0,0,0,0,Postomr�de,4233,1134,1,59.28772,5.11688
1027,5030,97043966.25946,46436.70075,4,-5525.43000,6614171.98000,0.00000,JELSA,,82,0,0,0,0,0,Postomr�de,4234,1134,1,59.28772,5.11688
1028,5034,47457345.39725,40874.64787,4,-48258.78000,6614254.38000,0.00000,R�YKSUND,,55,1500,0,0,0,0,Postomr�de,5546,1149,1,59.28772,5.11688
1029,5039,49749758.46100,33629.17807,4,-34025.60000,6616764.41000,0.00000,HERVIK,,55,1500,0,0,0,0,Postomr�de,5566,1146,1,59.28772,5.11688
1030,5044,46080339.15891,38456.91231,4,-43181.23000,6622732.75000,158.00000,F�RRESFJORDEN,,55,1500,0,0,0,0,Postomr�de,5563,1146,1,59.28772,5.11688
1031,5053,80716735.08719,49658.52164,4,-30051.49000,6624085.49000,0.21000,SKJOLDASTRAUMEN,,55,1500,0,0,0,0,Postomr�de,5567,1146,1,59.28772,5.11688
1032,5060,146333105.55713,77794.59029,4,-38993.86000,6621476.54000,0.00000,AKSDAL,,55,1500,0,0,0,0,Postomr�de,5570,1146,1,59.28772,5.11688
1033,5062,64886036.21103,37083.03054,4,-37369.62000,6611275.87000,0.00000,TYSV�RV�G,,55,1500,0,0,0,0,Postomr�de,5565,1146,1,59.28772,5.11688
1036,5075,1346339.69676,7140.68215,4,-34881.68000,6571496.75000,0.00000,HAFRSFJORD,,0,0,0,0,0,0,Postomr�de,4041,1103,1,59.28772,5.11688
1037,5078,46506635.02899,32111.83353,4,-21552.44000,6575057.03000,0.00000,IDSE,,82,0,0,0,0,0,Postomr�de,4102,1130,1,59.28772,5.11688
1039,5087,194787090.73216,63585.17083,4,-7320.64000,6632772.83000,755.12000,VIKEDAL,,55,1500,0,0,0,0,Postomr�de,5583,1160,1,59.28772,5.11688
1040,5091,164750053.81411,61555.34324,4,-7940.19000,6622483.26000,0.00000,HEBNES,,82,0,0,0,0,0,Postomr�de,4235,1134,1,59.28772,5.11688
1041,5094,250501585.31807,75219.94070,4,-20867.64000,6617382.32000,0.00000,NEDSTRAND,,55,1500,0,0,0,0,Postomr�de,5560,1146,1,59.28772,5.11688
1042,5100,102644834.13814,58541.68955,4,-31533.39000,6633188.64000,20.97000,SKJOLD,,55,1500,0,0,0,0,Postomr�de,5574,1160,1,59.28772,5.11688
1043,5104,88234184.24539,44152.35413,4,-16852.21000,6635523.55000,755.12000,SANDEID,,55,1500,0,0,0,0,Postomr�de,5585,1160,1,59.28772,5.11688
1044,5109,39896116.39232,30642.04909,4,-23537.11000,6637026.85000,107.26000,�VRE VATS,,55,1500,0,0,0,0,Postomr�de,5576,1160,1,59.28772,5.11688
1045,5110,87564723.43715,52671.98064,4,-22609.54000,6630022.11000,0.21000,NEDRE VATS,,55,1500,0,0,0,0,Postomr�de,5578,1160,1,59.28772,5.11688
1046,5111,8322818.85602,13252.73310,4,-46028.97000,6624062.99000,40.60000,KOLNES,,55,1500,0,0,0,0,Postomr�de,5541,1149,1,59.28772,5.11688
1047,5114,359452402.36112,98711.89188,4,26353.52000,6604862.35000,0.00000,J�SENFJORDEN,,55,1500,0,0,0,0,Postomr�de,4134,1133,1,59.28772,5.11688
1048,5115,117359042.31357,54100.25316,4,-11582.34000,6576545.79000,0.00000,J�RPELAND,,55,1500,0,0,0,0,Postomr�de,4100,1130,1,59.28772,5.11688
1049,5119,13007306.92142,14877.65896,4,-28559.60000,6553435.17000,303.10000,FIGGJO,,55,1500,0,0,0,0,Postomr�de,4332,1102,1,59.28772,5.11688
1050,5121,3653522.01315,12414.13391,4,-40867.43000,6548147.66000,0.00000,BRYNE,,55,1500,0,0,0,0,Postomr�de,4340,1121,1,59.28772,5.11688
1051,5123,65454726.68600,49218.26269,4,-43103.13000,6557643.24000,1.90000,VOLL,,55,1500,0,0,0,0,Postomr�de,4354,1120,1,59.28772,5.11688
1052,5124,3878675.79759,12596.23637,4,-34240.45000,6575335.28000,25.59000,STAVANGER,,0,0,0,0,0,0,Postomr�de,4027,1103,1,59.28772,5.11688
1053,5125,3037148.22574,12707.66807,4,-35949.47000,6570512.90000,62.02000,HAFRSFJORD,,0,0,0,0,0,0,Postomr�de,4044,1103,1,59.28772,5.11688
1054,5126,212172580.74484,76164.72350,4,-21379.66000,6549415.57000,186.00000,�LG�RD,,55,1500,0,0,0,0,Postomr�de,4330,1122,1,59.28772,5.11688
1132,5592,409125793.69856,115582.22400,4,20755.07000,6466243.39000,0.00000,FARSUND,,55,1500,0,0,0,0,Postomr�de,4550,1003,1,59.28772,5.11688
1134,5605,152132127.72440,62981.18868,4,23036.76000,6507542.28000,300.15000,GYLAND,,55,1500,0,0,0,0,Postomr�de,4436,1004,1,59.28772,5.11688
1135,5612,54159464.47369,35319.83848,4,42786.12000,6493281.92000,135.79000,SNARTEMO,,55,1500,0,0,0,0,Postomr�de,4590,1034,1,59.28772,5.11688
1136,5622,124088311.32634,65476.98622,4,45320.80000,6499535.00000,0.00000,TINGVATN,,55,1500,0,0,0,0,Postomr�de,4595,1034,1,59.28772,5.11688
1137,5626,285059871.22443,83436.20613,4,48969.68000,6509300.42000,0.00000,EIKEN,,55,1500,0,0,0,0,Postomr�de,4596,1034,1,59.28772,5.11688
1166,5760,509853116.18227,149483.20953,4,34005.84000,6502777.63000,328.11000,KVINESDAL,,55,1500,0,0,0,0,Postomr�de,4480,1037,1,59.28772,5.11688
1167,5764,49000141.04796,39337.06710,4,20108.69000,6490644.07000,0.00000,FEDA,,55,1500,0,0,0,0,Postomr�de,4485,1037,1,59.28772,5.11688
1168,5765,11972390.98119,14428.30767,4,23988.60000,6489585.92000,0.00000,�YESTRANDA,,55,1500,0,0,0,0,Postomr�de,4484,1037,1,59.28772,5.11688
1169,5770,404796101.08659,112245.27048,4,35487.26000,6529443.22000,0.00000,KVINLOG,,55,1500,0,0,0,0,Postomr�de,4473,1037,1,59.28772,5.11688
1172,5788,95601892.85637,49855.21139,4,40500.25000,6484311.90000,385.17000,KV�S,,55,1500,0,0,0,0,Postomr�de,4588,1032,1,59.28772,5.11688
1173,5790,323212314.81175,97864.40093,4,33760.00000,6472461.84000,0.00000,LYNGDAL,,55,1500,0,0,0,0,Postomr�de,4580,1032,1,59.28772,5.11688
1186,5872,153996284.21965,67116.02254,4,10845.74000,6475451.75000,0.00000,VANSE,,55,1500,0,0,0,0,Postomr�de,4560,1003,1,59.28772,5.11688
1187,5876,52976415.29140,32072.64150,4,6776.49000,6484829.52000,0.00000,HIDRASUND,,55,1500,0,0,0,0,Postomr�de,4432,1004,1,59.28772,5.11688
1188,5878,12349920.52770,14801.69933,4,10596.36000,6483590.64000,0.00000,ANDABEL�Y,,55,1500,0,0,0,0,Postomr�de,4434,1004,1,59.28772,5.11688
1200,5903,129800925.39045,69476.75722,4,12978.16000,6516420.11000,0.00000,SIRA,,55,1500,0,0,0,0,Postomr�de,4438,1004,1,59.28772,5.11688
1201,5904,285482050.36297,103860.63288,4,10771.51000,6495059.68000,438.98000,FLEKKEFJORD,,55,1500,0,0,0,0,Postomr�de,4400,1004,1,59.28772,5.11688
1202,5905,217586317.05152,70919.64064,4,-4939.88000,6483761.60000,0.00000,�NA-SIRA,,55,1500,0,0,0,0,Postomr�de,4420,1004,1,59.28772,5.11688
1203,5910,801789967.65916,142850.78912,4,39412.34000,6567387.01000,0.00000,TJ�RHOM,,55,1500,0,0,0,0,Postomr�de,4443,1046,1,59.28772,5.11688
1204,5914,715120265.05968,168662.62090,4,24751.18000,6545194.98000,464.78000,TONSTAD,,55,1500,0,0,0,0,Postomr�de,4440,1046,1,59.28772,5.11688
1223,6036,175406662.84525,72524.02052,4,-57795.43000,6651567.96000,0.00000,B�MLO,,55,1500,0,0,0,0,Postomr�de,5443,1219,1,59.28772,5.11688
1224,6042,158900811.58630,73508.82812,4,-50732.81000,6659135.08000,0.00000,FINN�S,,55,1500,0,0,0,0,Postomr�de,5437,1219,1,59.28772,5.11688
1227,6054,18211351.65247,19681.89490,4,-44239.14000,6667623.33000,0.00000,FOLDR�YHAMN,,55,1500,0,0,0,0,Postomr�de,5428,1219,1,59.28772,5.11688
1232,6081,101440703.95490,48242.55825,4,-11457.80000,6655254.57000,0.00000,SK�NEVIK,,55,1500,0,0,0,0,Postomr�de,5593,1211,1,59.28772,5.11688
1258,6230,60653875.15944,32573.23775,4,-24186.09000,6659407.42000,0.00000,FJELBERG,,55,1500,0,0,0,0,Postomr�de,5459,1224,1,59.28772,5.11688
1260,6239,25267050.32479,23458.19598,4,-18972.93000,6657341.83000,0.00000,ARNAVIK,,55,1500,0,0,0,0,Postomr�de,5458,1224,1,59.28772,5.11688
1301,6424,50852120.28735,41778.27310,4,-39774.38000,6668568.78000,0.00000,SAGV�G,,55,1500,0,0,0,0,Postomr�de,5410,1221,1,59.28772,5.11688
1302,6428,11860389.15103,20332.96303,4,-36203.03000,6667620.58000,0.00000,STORD,,55,1500,0,0,0,0,Postomr�de,5415,1221,1,59.28772,5.11688
1304,6437,26820857.52882,24520.79202,4,-36139.10000,6661424.36000,0.00000,STORD,,55,1500,0,0,0,0,Postomr�de,5412,1221,1,59.28772,5.11688
1306,6445,11242959.00462,15928.31982,4,-32341.60000,6663367.00000,0.00000,STORD,,55,1500,0,0,0,0,Postomr�de,5411,1221,1,59.28772,5.11688
1307,6446,7057501.95544,12946.73945,4,-33592.73000,6665788.67000,0.00000,STORD,,55,1500,0,0,0,0,Postomr�de,5417,1221,1,59.28772,5.11688
1313,6471,36735726.54514,29186.42175,4,-41298.73000,6649162.24000,0.00000,AUKLANDSHAMN,,55,1500,0,0,0,0,Postomr�de,5551,1216,1,59.28772,5.11688
1314,6476,107961026.65715,49039.21593,4,-34637.48000,6653897.31000,0.00000,VALEV�G,,55,1500,0,0,0,0,Postomr�de,5554,1216,1,59.28772,5.11688
1332,6548,95906249.83015,56009.08069,4,-26193.02000,6652599.57000,0.00000,BJOA,,55,1500,0,0,0,0,Postomr�de,5584,1160,1,59.28772,5.11688
1439,7040,84532486.71140,46658.39256,4,-42713.46000,6658707.82000,0.00000,MOSTERHAMN,,55,1500,0,0,0,0,Postomr�de,5440,1219,1,59.28772,5.11688
1444,7057,76224652.34433,43604.85469,4,-31891.92000,6673628.87000,0.00000,STORD,,55,1500,0,0,0,0,Postomr�de,5414,1221,1,59.28772,5.11688
1489,7160,168695638.51563,52110.52393,4,-62100.74000,6643324.87000,0.00000,ESPEV�R,,55,1500,0,0,0,0,Postomr�de,5444,1219,1,59.28772,5.11688
1491,7167,345164737.28892,107192.76882,4,-1467.18000,6649330.49000,755.12000,ETNE,,55,1500,0,0,0,0,Postomr�de,5590,1211,1,59.28772,5.11688
1494,7170,186193039.04828,66360.48104,4,-47410.36000,6639731.93000,29.24000,SVEIO,,55,1500,0,0,0,0,Postomr�de,5550,1216,1,59.28772,5.11688
1495,7171,38877155.76508,27557.73797,4,-35090.59000,6643196.83000,0.00000,F�RDE I HORDALAND,,55,1500,0,0,0,0,Postomr�de,5555,1216,1,59.28772,5.11688
1498,7176,45502604.63763,35271.65571,4,-23007.60000,6644123.60000,43.29000,�LENSV�G,,55,1500,0,0,0,0,Postomr�de,5582,1160,1,59.28772,5.11688
1499,7177,39269103.06077,29262.35385,4,-16581.38000,6642323.15000,0.00000,�LEN,,55,1500,0,0,0,0,Postomr�de,5580,1160,1,59.28772,5.11688
1501,7179,75933222.79259,41535.54903,4,-30375.60000,6642461.65000,0.00000,VIKEBYGD,,55,1500,0,0,0,0,Postomr�de,5568,1160,1,59.28772,5.11688
2678,13068,597619516.29172,126558.78532,4,72454.02000,6573871.00000,0.00000,RYSSTAD,,55,1500,0,0,0,0,Postomr�de,4748,940,1,59.28772,5.11688
2679,13069,1144714297.86673,198611.84293,4,80828.08000,6551699.36000,0.00000,BYGLAND,,55,1500,0,0,0,0,Postomr�de,4745,938,1,59.28772,5.11688
3000,14603,1395593.72314,6430.28548,4,-33550.52000,6565757.00000,0.00000,STAVANGER,,82,0,0,0,0,0,Postomr�de,4034,1103,1,59.28772,5.11688
3017,14795,2092612.25510,8294.01857,4,-47241.19000,6625159.30000,64.90000,HAUGESUND,,82,0,0,0,0,0,Postomr�de,5534,1106,1,59.28772,5.11688
3055,15468,1394407.73330,5013.29808,4,8515.16000,6573802.31000,0.00000,FL�YRLI,12.09.2005,82,0,0,0,0,0,Postomr�de,4128,1129,1,59.28772,5.11688
3056,15478,30201968.92021,33582.72168,4,-40434.75000,6566913.06000,0.00000,SOLA,08.08.2012,82,0,0,0,0,0,Postomr�de,4055,1124,1,59.28772,5.11688
3142,20975,73198395.95734,43747.08794,4,-49163.21000,6573271.22000,0.00000,TANANGER,13.03.2012,0,0,0,0,0,0,Postomr�de,4057,1124,1,59.28772,5.11688
3143,20976,19029204.24252,30098.63561,4,-43755.20000,6575221.55000,0.00000,TANANGER,13.03.2012,0,0,0,0,0,0,Postomr�de,4058,1124,1,59.28772,5.11688
3144,21039,179341.55367,1969.14695,4,-33849.69000,6565143.69000,0.00000,STAVANGER,20.06.2012,82,0,0,0,0,0,Postomr�de,4035,1103,1,59.28772,5.11688
3198,21301,9696868.41731,12831.77156,4,-31938.37000,6578388.41000,0.00000,HUNDV�G,,82,0,0,0,0,0,Postomr�de,4083,1103,1,59.28772,5.11688
3199,21302,4116308.58321,9169.49050,4,-30677.26000,6574693.26000,0.00000,HUNDV�G,,82,0,0,0,0,0,Postomr�de,4077,1103,1,59.28772,5.11688
3200,21307,4591276.65590,11523.19597,4,-37717.39000,6563434.85000,16.75000,SOLA,,82,0,0,0,0,0,Postomr�de,4051,1124,1,59.28772,5.11688
3248,21527,12729274.54257,18069.23043,4,-41652.96000,6549978.87000,0.00000,BRYNE,,82,0,0,0,0,0,Postomr�de,4341,1121,1,59.28772,5.11688
3249,21528,3997909.64725,12887.37269,4,-40489.21000,6546810.58000,0.00000,BRYNE,,82,0,0,0,0,0,Postomr�de,4344,1121,1,59.28772,5.11688
3250,21529,1853849.41959,6401.13164,4,-39034.52000,6547159.38000,0.00000,BRYNE,,82,0,0,0,0,0,Postomr�de,4345,1121,1,59.28772,5.11688
3251,21530,35248287.16901,38846.28303,4,-37841.68000,6544804.97000,7.52000,BRYNE,,82,0,0,0,0,0,Postomr�de,4346,1121,1,59.28772,5.11688
3252,21531,22970990.10313,23535.86843,4,-35327.19000,6546881.70000,0.00000,LYE,,82,0,0,0,0,0,Postomr�de,4347,1121,1,59.28772,5.11688
3258,21572,39032822.43549,29509.49099,4,-21937.25000,6517454.00000,0.00000,EGERSUND,,82,0,0,0,0,0,Postomr�de,4373,1101,1,59.28772,5.11688
3259,21573,131366717.98500,55550.92283,4,-19505.83000,6510259.89000,118.19000,EGERSUND,,82,0,0,0,0,0,Postomr�de,4372,1101,1,59.28772,5.11688
3260,21574,2853984.64803,9294.46168,4,-24649.22000,6512689.07000,0.00000,EGERSUND,,82,0,0,0,0,0,Postomr�de,4371,1101,1,59.28772,5.11688
3261,21575,200394032.38548,62497.29505,4,-29418.54000,6511038.48000,0.00000,EGERSUND,,82,0,0,0,0,0,Postomr�de,4374,1101,1,59.28772,5.11688
3272,21656,2350456.90355,7800.10841,4,-32365.30000,6564734.59000,0.00000,STAVANGER,01.10.2012,82,0,0,0,0,0,Postomr�de,4031,1103,1,59.28772,5.11688
3339,22929,74290369.17226,37280.37650,4,-41122.49000,6579163.06000,0.00000,RANDABERG,01.10.2016,82,0,0,0,0,0,Postomr�de,4071,1127,1,59.28772,5.11688
3340,22930,8511191.31169,14664.18548,4,-36098.60000,6579542.63000,0.00000,RANDABERG,01.10.2016,82,0,0,0,0,0,Postomr�de,4072,1127,1,59.28772,5.11688
3341,22931,6340360.68211,12740.40997,4,-37113.16000,6576175.48000,25.59000,RANDABERG,01.10.2016,82,0,0,0,0,0,Postomr�de,4073,1127,1,59.28772,5.11688
3342,22938,3345593.99709,8549.06166,4,-30248.57000,6559439.33000,0.00000,SANDNES,01.10.2016,82,0,0,0,0,0,Postomr�de,4338,1102,1,59.28772,5.11688
3343,22942,439538.57951,2698.75810,4,-33914.03000,6558133.21000,0.00000,SANDNES,01.10.2016,82,0,0,0,0,0,Postomr�de,4320,1102,1,59.28772,5.11688
3344,22948,11114971.61542,19709.03066,4,-31556.73000,6556520.23000,97.40000,SANDNES,01.10.2016,82,0,0,0,0,0,Postomr�de,4336,1102,1,59.28772,5.11688
3345,22952,9681962.80440,17420.18264,4,-28588.06000,6556210.60000,0.00000,SANDNES,01.10.2016,82,0,0,0,0,0,Postomr�de,4337,1102,1,59.28772,5.11688
